                  epoch,         train/box_loss,         train/cls_loss,         train/dfl_loss,   metrics/precision(B),      metrics/recall(B),       metrics/mAP50(B),    metrics/mAP50-95(B),           val/box_loss,           val/cls_loss,           val/dfl_loss,                 lr/pg0,                 lr/pg1,                 lr/pg2
                      0,                0.69694,                 1.0064,                 1.1641,                0.96541,                0.95833,                0.98409,                0.84259,                0.49902,                0.87296,                 1.0069,                 0.0928,                 0.0008,                 0.0008
                      1,                0.71235,                 1.0426,                 1.1807,                0.94629,                0.91667,                0.98611,                 0.8306,                0.45152,                0.90595,                 1.0011,               0.084363,              0.0013634,              0.0013634
                      2,                0.69482,                 1.0053,                 1.1919,                0.95097,                0.91667,                0.97609,                0.77423,                0.49425,                0.95296,                 1.0169,                0.07557,              0.0015704,              0.0015704
                      3,                0.76994,                0.91216,                 1.2942,                0.97821,                0.91667,                0.98256,                 0.8357,                0.46789,                0.78252,                0.97956,               0.066421,               0.001421,               0.001421
                      4,                0.62914,                 1.6359,                 1.0698,                0.96196,                0.91029,                0.98574,                0.85214,                0.45816,                0.74749,                0.99181,               0.056915,              0.0009152,              0.0009152
